UUID,Distance (ly),Distance (ly) adj,Constellation,RA,Dec,Stellarclass,Mass,Apparent magnitude (v),Visible to the unaided eye,Apparent magnitude (j),Parallax(mas),Parallax(mas) adj,System,StarName,Sub-brown dwarf or rogue planet,Brown dwarf,White dwarf,Luminous star,Notes and additional references,Planets
0d737d48-f2d8-4bb2-a4ed-014ef63aec18,1.58e-05,0.0000158,,,,G2V,1,−26.74,#,4.85,,,Solar System,Sun (Sol),,,,$,,eight recognized planets and more dwarf planets
4011dfae-aad7-45ab-8b4c-5a20d27a0611,4.2465,±0.0003,Cen*,14h 29m 43.0s,−62° 40′ 46″,M5.5Ve,0.122,11.09,,15.53,768.0665,±0.0499,Proxima Centauri,"Proxima Centauri (C, V645 Centauri)",,,,,flare star," two confirmed planets (b, 2016, and d, 2022) and a third disputed planet (c, 2019)"
307bcad4-646f-4818-ac6a-1ab23dee162e,4.3441,±0.0022,,14h 39m 36.5s,−60° 50′ 02″,G2V,1.079,0.01,#,4.38,750.81,±0.38,Alpha Centauri,Rigil Kentaurus (A),,,,$,,one directly imaged habitable-zone planet candidate (Candidate 1) (2021)
ff59fd8c-d30e-4a9f-8585-367dea407307,4.37,,,14h 39m 35.1s,−60° 50′ 14″,K1V,0.909,1.34,#,5.71,,,Alpha Centauri,Toliman (B),,,,$,,planet b refuted in 2015
1cba6136-bbe1-4ecc-95eb-f5baf03ef45d,5.9629,±0.0004,Oph*,17h 57m 48.5s,+04° 41′ 36″,M4.0Ve,0.144,9.53,,13.22,546.9759,±0.0401,Barnard's Star (BD+04°3561a),,,,,,"flare star, largest-known proper motion", one refuted planet (b)
596f1626-89a6-4548-80e5-c0f97365f569,6.5029,±0.0011,Vel*,10h 49m 18.9s,−53° 19′ 10″,L8±1,0.032,10.7 J,,14.2 J,501.557.0,±0.082,Luhman 16 (WISE 1049−5319),A,,§,,,nearest brown dwarfs,
158e454e-bb67-4a1b-bb1e-b9a28d8f4a8c,,,,,,T1±2,0.027,,,,,,Luhman 16 (WISE 1049−5319),B,,§,,,,
1b45c52c-9cae-4ceb-be52-1ea85333540a,7.43,±0.041,Hya*,08h 55m 10.8s,−07° 14′ 43″,Y4,0.003-0.010,25.0 J,,28.2 J,439.0,±2.4,WISE 0855−071,,&,,,,sub-brown dwarf,
faa4f8e3-f64d-4bc2-82b1-c8688fa40b84,7.8558,±0.0013,Leo*,10h 56m 29.2s,+07° 00′ 53″,M6.0V,0.090,13.44,,16.55,415.1794,±0.0684,Wolf 359 (CN Leonis),,,,,,flare star,has 1 candidate and 1 refuted planet
127bbaf7-c0ca-429d-9b5e-22cc18dcdd78,8.3044,±0.0007,UMa*,11h 03m 20.2s,+35° 58′ 12″,M2.0V,0.390,7.47,,10.44,392.7529,±0.0321,"Lalande 21185 (BD+36°2147, Gliese 411, HD 95735)",,,,,,,"two known planets (2019, 2021)"
85221de9-411c-48db-b80a-f6367bf08290,8.7094,±0.0054,CMa*,06h 45m 08.9s,−16° 42′ 58″,A1V,2.063,−1.46,#,1.42,374.4896,±0.2313,Alpha Canis Majoris,Sirius (A),,,,$,brightest star in the night sky,
ee374354-93f7-447b-a29b-4bad86d7c315,,,,,,DA2,1.018,8.44,,11.34,,,Alpha Canis Majoris,B,,,‡,,,
ed68f3ba-af18-4af2-bab9-d62054c08ea2,8.724,±0.012,Cet*,01h 39m 01.3s,−17° 57′ 01″,M5.5Ve,0.102,12.54,,15.40,373.8443,±0.5009,Gliese 65 (Luyten 726–8),A (BL Ceti),,,,,flare star (Archetypal member),
65280d69-aa13-4661-93b8-95eb5e0ecf08,,,,,,M6.0Ve,0.100,12.99,,15.85,,,Gliese 65 (Luyten 726–8),B (UV Ceti),,,,,,
06875999-2f7b-46a8-91ed-cd5e2618fce2,9.7063,±0.0009,Sgr*,18h 49m 49.4s,−23° 50′ 10″,M3.5Ve,0.17,10.43,,13.07,336.0266,±0.0317,Ross 154 (V1216 Sagittarii),,,,,,flare star,
52ebbd70-4611-452d-860c-1d1d3972ff65,10.3057,±0.0014,And*,23h 41m 54.7s,+44° 10′ 30″,M5.5Ve,0.136,12.29,,14.79,316.4812,±0.0444,Ross 248 (HH Andromedae),,,,,,flare star,
d52d844a-4be4-47dd-a246-d31193124416,10.4749,±0.0037,Eri*,03h 32m 55.8s,−09° 27′ 30″,K2V,0.820,3.73,#,6.19,311.37,±0.11,Ran (Epsilon Eridani),,,,,$,three circumstellar disks,"one confirmed planet (AEgir, 2000) and one candidate (c, 2002)"
9a8d2097-fe70-4442-8c30-74f4c6b18694,10.7241,±0.0007,PsA*,23h 05m 52.0s,−35° 51′ 11″,M0.5V,0.486,7.34,,9.75,304.1354,±0.0200,Lacaille 9352 (Gliese 887),,,,,,,"two planets, b and c, with equivocal evidence for a third in the habitable zone (2020)"
cf46a672-7baf-48b2-9661-67a3c62044f9,11.0074,±0.0011,Vir*,11h 47m 44.4s,+00° 48′ 16″,M4.0Vn,0.168,11.13,,13.51,296.3053,±0.0302,Ross 128 (FI Virginis),,,,,,flare star,one planet (b) (2017)
9ffe0bbf-6c9d-46ce-8f45-62b9ba0ba493,11.109,±0.034,Aqr*,22h 38m 33.4s,−15° 17′ 57″,M5.0Ve,0.11,13.33,,15.64,293.6,±0.9,"EZ Aquarii (Gliese 866, Luyten 789-6)",A,,,,,A and B flare stars,
55200a27-6673-4aec-af81-cbe43b56ed26,,,,,,M?,0.11,13.27,,15.58,,,"EZ Aquarii (Gliese 866, Luyten 789-6)",B,,,,,,
787bd816-ed0e-47ca-accf-3328ced950ed,,,,,,M?,0.10,14.03,,16.34,,,"EZ Aquarii (Gliese 866, Luyten 789-6)",C,,,,,,
6b520897-9c6a-4dfe-9bcf-3f213825f46f,11.402,±0.032,CMi*,07h 39m 18.1s,+05° 13′ 30″,F5IV–V,1.499,0.38,#,2.66,286.05,±0.81,Alpha Canis Minoris,Procyon (A),,,,$,,
5a20aa7d-cc93-4693-bc2b-53a07255d780,,,,,,DQZ,0.602,10.70,,12.98,,,Alpha Canis Minoris,B,,,‡,,,
4c74ee9b-3cb2-4660-b90d-dce2035bb497,11.4039,±0.0012,Cyg*,21h 06m 53.9s,+38° 44′ 58″,K5.0V,0.70,5.21,#,7.49,286.0054,±0.0289,61 Cygni,A (BD+38°4343),,,,$,"First star (besides Sun) to have measured distance. B flare star, Possible circumstellar disk.",with possible planet or brown dwarf.
6b02a8b5-6dfa-4639-b8ba-f79a9370a246,,,,21h 06m 55.3s,+38° 44′ 31″,K7.0V,0.63,6.03,#,8.31,,,61 Cygni,B (BD+38°4344),,,,$,,
72cc89b9-091b-4d63-8fbd-df295d3a6653,11.4908,±0.0009,Dra*,18h 42m 46.7s,+59° 37′ 49″,M3.0V,0.334,8.90,,11.16,283.8401,±0.0220,"Struve 2398 (Gliese 725, BD+59°1915)",A (HD 173739),,,,,"flare stars, star B has",2 candidate planets
0dccc1dd-d8e3-4cd1-8afb-eaea851732ab,,,,18h 42m 46.9s,+59° 37′ 37″,M3.5V,0.248,9.69,,11.95,,,"Struve 2398 (Gliese 725, BD+59°1915)",B (HD 173740),,,,,,
2fcfb55f-bf38-47aa-b218-23df6fba0b3f,11.6191,±0.0008,And,00h 18m 22.9s,+44° 01′ 23″,M1.5V,0.38,8.08,,10.32,280.7068,±0.0203,Groombridge 34 (Gliese 15),A (GX Andromedae),,,,,flare star,"two known planets (Ab, 2014, and Ac, 2018)"
484c6976-b94a-426c-ac6f-480424a46865,,,,,,M3.5V,0.15,11.06,,13.30,,,Groombridge 34 (Gliese 15),B (GQ Andromedae),,,,,flare star,
8c3e66ef-9718-461d-aa37-1afce5423c38,11.6797,±0.0027,Cnc*,08h 29m 49.5s,+26° 46′ 37″,M6.5Ve,0.09,14.78,,16.98,279.2496,±0.0637,DX Cancri (G 51-15),,,,,,flare star,
a9631f5f-852a-48c6-ae8c-e6d6152eef5e,11.867,±0.0041,Ind*,22h 03m 21.7s,−56° 47′ 10″,K5Ve,0.754,4.69,#,6.89,274.8431,±0.0956,Epsilon Indi (CPD−57°10015),A,,,,$,,one planet (Ab) (2018)
701b305c-4f00-47af-8294-c7542522b7a1,,,,22h 04m 10.5s,−56° 46′ 58″,T1.0V,0.065,12.3 J,,14.5 J,,,Epsilon Indi (CPD−57°10015),Ba,,§,,,,
a8c3a2bb-7c96-4156-8aeb-bd0d9bcee300,,,,,,T6.0V,0.050,13.2 J,,15.4 J,,,Epsilon Indi (CPD−57°10015),Bb,,§,,,,
81244758-6117-415d-ad3b-b08592f0723e,11.9118,±0.0074,Cet,01h 44m 04.1s,−15° 56′ 15″,G8.5Vp,0.783,3.49,#,5.68,273.8097,±0.1701,Tau Ceti (BD−16°295),,,,,$,one debris disk,"four confirmed planets (e, f, g, and h) (2012, 2017), four candidate planets (b, c, d, and "
d45a7d88-ca85-46ba-878d-a0b80fa80c7d,11.9839,±0.0014,Hor*,03h 35m 59.7s,−44° 30′ 45″,M5.5V,0.113,13.09,,15.26,272.1615,±0.0316,Gliese 1061 (LHS 1565),,,,,,,has 3 known planets (2019)
b1aaa691-b9cc-426f-87ae-0814f7ff88ba,12.1222,±0.0015,Cet,01h 12m 30.6s,−16° 59′ 56″,M4.5V,0.130,12.02,,14.17,269.0573,±0.0337,YZ Ceti (LHS 138),,,,,,flare star,"three planets (b, c, and d) (2017)"
77bdb053-dc5b-437d-babe-bbd225e53f3d,12.3485,±0.0019,CMi,07h 27m 24.5s,+05° 13′ 33″,M3.5Vn,0.26,9.86,,,264.1269,±0.0413,Luyten's Star (BD+05°1668),,,,,,,"two planets (b, c) (2017) and two suspected planets (d, e) (2019)"
d2260fb8-8e1a-44b4-8bf6-e4fa50d22302,12.497,±0.0045,Ari*,02h 53m 00.9s,+16° 52′ 53″,M6.5V,0.08,15.14,,17.22,260.9884,±0.0934,Teegarden's Star (SO025300.5+165258),,,,,,,has 2 known planets (2019)
1aedd822-74aa-40ad-9f9f-bb8c2d1a8933,12.8308,±0.0008,Pic*,05h 11m 40.6s,−45° 01′ 06″,M1.5VI,0.281,8.84,,10.87,254.1986,±0.0168,Kapteyn's Star (CD−45°1841),,,,,,,two refuted planets (b and c) (2014)
c9552520-ecb3-4ed9-8198-1c8b9999726d,12.9472,±0.0018,Mic*,21h 17m 15.3s,−38° 52′ 03″,M0.0V,0.60,6.67,,8.69,251.9124,±0.0352,Lacaille 8760 (AX Microscopii),,,,,,"brightest M dwarf star in night sky, flare star",
3d103c18-0053-4a69-b53d-3ed10eba3ca3,13.0638,±0.0070,Pav*,18h 45m 05.3s,−63° 57′ 48″,M8.5V,0.07,17.39,,19.41,249.6651,±0.1330,SCR 1845−6357,A,,,,,,
e218b0bd-7b09-446a-a02d-9e6905593611,,,,18h 45m 02.6s,−63° 57′ 52″,T6,0.03,13.3 J,,15.3 J,,,SCR 1845−6357,B,,§,,,,
2eb99434-272a-441b-ae46-6bc3c641f23d,13.0724,±0.0052,Cep*,22h 27m 59.5s,+57° 41′ 45″,M3.0V,0.271,9.79,,11.76,249.5,±0.1,Kruger 60 (BD+56°2783),A,,,,,B flare star,
0e0a4463-b2bb-4870-b97a-3b308f18867e,,,,,,M4.0V,0.176,11.41,,13.38,,,Kruger 60 (BD+56°2783),B (DO Cephei),,,,,,
d25e7469-ccfa-4101-b90e-97f678544a1b,13.1932,±0.0027,Ant*,10h 48m 14.7s,−39° 56′ 06″,M8.5V,0.08,17.39,,19.37,247.2156,±0.0512,DEN 1048-3956,,,,,,,
62cb1819-02eb-4c83-92fe-7232aadd9b2e,13.363,±0.040,Mon*,06h 29m 23.4s,−02° 48′ 50″,M4.5V,0.223,11.15,,13.09,244.07,±0.73,"Ross 614 (V577 Monocerotis, Gliese 234)",A (LHS 1849),,,,,A flare star,
565c82dd-969e-45ab-9f06-583a8a42e819,,,,,,M5.5V,0.111,14.23,,16.17,,,"Ross 614 (V577 Monocerotis, Gliese 234)",B (LHS 1850),,,,,,
eb0aba01-b407-4b75-a01e-9dc4899ff032,13.43,±0.13,Mon,07h 22m 27.3s,–05° 40′ 30″,T9,0.010-0.025,16.52 J,,18.45 J,242.8,±2.4,UGPS J0722-0540,,,§,,,,
c363561f-cd41-42da-beb0-8442250eca3f,14.05,±0.0016,Oph,16h 30m 18.1s,−12° 39′ 45″,M3.0V,0.294,10.07,,11.93,232.139,±0.0268,"Wolf 1061 (Gliese 628, BD−12°4523)",,,,,,,"three planets (b, c, and d) (2015)"
13775f6f-e070-4ca8-9a8c-341cbdb1a549,14.0718,±0.0011,Psc*,00h 49m 09.9s,+05° 23′ 19″,DZ7,0.67,12.38,,14.21,231.78,±0.0183,"Van Maanen's star (Gliese 35, LHS 7)",,,,‡,,"closest-known free-floating white dwarf, third-known white dwarf, possible debris disk (1917)",
356851a4-b40b-4bcc-b154-8d01e6ac7aba,14.1747,±0.0022,Scl*,00h 05m 24.4s,−37° 21′ 27″,M1.5 V,0.45-0.48,8.55,,10.35,230.097,±0.0362,Gliese 1 (CD−37°15492),,,,,,,
7e5d5463-474b-4f60-8a52-a9a072d05c32,14.578,±0.0046,Ari,02h 00m 13.2s,+13° 03′ 08″,M4.5V,0.14,12.27,,14.03,223.7321,±0.0699,"TZ Arietis (Gliese 83.1, L 1159–16)",,,,,,flare star,has one confirmed planet (b)
f6e10f3f-82ab-465e-8ed6-1d9eb9711103,14.595,±0.031,Vir,12h 33m 17.2s,+09° 01′ 15″,M5.5Ve,0.143,13.18,,14.97,223.4775,±0.4665,"Wolf 424 (FL Virginis, LHS 333, Gliese 473)",A,,,,,flare stars,
5a85a6bf-ef5f-4d44-a0a9-892b7f8a2478,,,,,,M7Ve,0.131,13.17,,14.96,,,"Wolf 424 (FL Virginis, LHS 333, Gliese 473)",B,,,,,,
3639083d-5f3c-483b-b3c2-65906a5d6cea,14.8395,±0.0014,Dra,17h 36m 25.9s,+68° 20′ 21″,M3.0V,0.401,9.17,,10.89,219.7898,±0.0210,"Gliese 687 (LHS 450, BD+68°946)",,,,,,possible flare star,two planets (b) (2014) and (c) (2020)
7fea8ffa-2a74-49ae-8732-7a2473805fc8,14.8492,±0.0018,Ara*,17h 28m 39.9s,−46° 53′ 43″,M3.0V,0.35,9.38,,11.09,219.6463,±0.0262,Gliese 674 (LHS 449),,,,,,,one planet (b) (2007)
d0ef7788-e4f1-420c-bb7a-ed856aeb8288,14.8706,±0.0041,Sex*,10h 48m 12.6s,−11° 20′ 14″,M6.5V,0.08,15.60,,17.32,219.3302,±0.0602,LHS 292 (LP 731-58),,,,,,flare star,
691da164-6c2e-474c-83da-51fc3bc32fc7,15.1226,±0.0013,Mus*,11h 45m 42.9s,−64° 50′ 29″,DQ6,0.75,11.50,,13.18,215.6753,±0.0181,"Gliese 440 (WD 1142-645, LP 145-141)",,,,‡,,,
c0bac585-200f-4654-bed2-abb9ac895395,15.2001,±0.0034,Cyg,19h 53m 54.2s,+44° 24′ 55″,M5.5V,0.11,13.46,,15.17,214.5745,±0.0476,Gliese 1245,A (G 208-44 A),,,,,flare stars,
7827ee54-aeeb-4c6a-9951-b52a1e41949c,,,,19h 53m 55.2s,+44° 24′ 56″,M6.0V,0.10,14.01,,15.72,,,Gliese 1245,B (G 208-45),,,,,,
bde46541-1b0a-43b3-9866-edeaeab6c0f6,,,,19h 53m 54.2s,+44° 24′ 55″,M5.5,0.07,16.75,,18.46,,,Gliese 1245,C (G 208-44 B),,,,,,
c4f81740-2d0d-401e-a516-f0530fe7b599,15.22,±0.20,Her*,17h 41m 24.2s,+25° 53′ 19″,T9,,16.53 J,,18.18 J,214.3,±2.8,WISE 1741+2553,,,§,,,,
732e0a61-6fb2-4335-918e-eed84ef61f0c,15.2382,±0.0025,Aqr,22h 53m 16.7s,−14° 15′ 49″,M3.5V,0.37,10.17,,11.81,214.038,±0.0356,Gliese 876 (Ross 780),,,,,,,"four planets (d (2005), c (2001), b (1998), and e (2010))"
bcb41749-22f6-4668-b8de-315151190f7e,15.45,±0.041,TrA*,16h 39m 40.9s,−68° 47′ 46″,Y0.5,,20.57 J,,22.10 J,211.11,±0.56,WISE 1639-6847,,,§,,,,
a3039fd2-eb18-4a17-a292-ed767b8f1835,15.7586,±0.0034,Car,10h 44m 21.2s,−61° 12′ 36″,M5.5V,0.11,13.90,,15.51,206.9698,±0.0448,LHS 288 (Luyten 143-23),,,,,,,
8e1d2170-70da-4fb7-98d2-821597606d60,15.806,±0.0036,Cet,00h 06m 43.8s,−07° 32′ 22″,M5.5V,0.11,13.76,,15.40,206.35,±0.0474,Gliese 1002,,,,,,,"two known planets (b and c, 2022)"
34d45d4e-3ae1-41dc-ae3d-bceec55db66d,15.877,±0.014,Eri,02h 55m 03.7s,−47° 00′ 52″,L7.5V,0.025-0.065,22.92,,24.44,205.4251,±0.1857,DEN 0255-4700,,,§,,,,
3b989395-64b4-44db-8ad9-beb3f4d2f40e,15.8857,±0.0017,UMa,10h 11m 22.1s,+49° 27′ 15″,K7.0V,0.67,6.59,,8.16,205.3148,±0.0224,Groombridge 1618 (Gliese 380),,,,,$,"flare star, one suspected debris disk",
9e121e1a-2529-4f42-99e3-42679935b359,15.9969,±0.0026,UMa,11h 05m 28.6s,+43° 31′ 36″,M1.0V,0.48,8.77,,10.34,203.8876,±0.0332,Gliese 412,A,,,,,,
e50dc122-18f9-4756-8984-2d97334f8ce9,,,,11h 05m 30.4s,+43° 31′ 18″,M5.5V,0.10,14.48,,16.05,,,Gliese 412,B (WX Ursae Majoris),,,,,flare star,
8f23a246-ff67-4444-86e1-d14d3ada2fdb,16.1939,±0.0024,Leo,10h 19m 36.4s,+19° 52′ 10″,M3.0V,0.39-0.42,9.32,,10.87,201.4064,±0.0296,AD Leonis,,,,,,flare star,1 refuted planet (b in 2020)
7c420d2e-ab9d-47eb-ae1e-ab13179a2f3a,16.2005,±0.0019,Gru*,21h 33m 34.0s,−49° 00′ 32″,M1.5 V,0.45,8.66,,10.20,201.3252,±0.0237,Gliese 832,,,,,,possible flare star,"two planets; one confirmed (b (2008)), and the other now refuted (c (2014))"
309d3fdc-4f1d-4a93-9207-e34ae8f90bb7,16.3328,±0.0026,Sco*,17h 37m 03.7s,–44° 19′ 09″,M4 V,0.27,10.95,,12.45,199.6944,±0.0312,Gliese 682 (CD-44 11909),,,,,,,has 2 disputed planets
0a6c514f-d167-4c30-9b2e-b993095b05fd,16.333,±0.0042,Eri,04h 15m 16.3s,−07° 39′ 10″,K0.5 V,0.84,4.43,#,5.93,199.6911,±0.0512,"Omicron2 Eridani (40 Eridani, Gliese 166)",Keid (A),,,,$,,has 1 known planet
f16faf8b-9d83-4d1a-9a88-41dacad7285b,,,,04h 15m 21.8s,−07° 39′ 29″,DA4,0.573,9.52,,11.02,,,"Omicron2 Eridani (40 Eridani, Gliese 166)",B,,,‡,,,
e2e002bb-3095-4cb6-acaa-b0a4aef1fa35,,,,04h 15m 21.5s,−07° 39′ 22″,M4 V,0.2036,11.24,,12.74,,,"Omicron2 Eridani (40 Eridani, Gliese 166)",C,,,,,,
04f28aad-f643-475d-95ef-7f487aa7c8d0,16.4761,±0.0018,Lac*,22h 46m 49.7s,+44° 20′ 02″,M3.5 V,0.35,10.22,,11.70,197.9573,±0.0220,EV Lacertae,,,,,,record setting stellar flare observed,
c40f1a43-c1f8-4048-a3dc-bb88460b845b,16.7074,±0.0087,Oph,18h 05m 27.4s,+02° 29′ 59″,K0 V,0.90,4.21,#,5.66,195.2166,±0.1012,70 Ophiuchi (Gliese 702),A,,,,$,,
19aa6a54-84bc-4a59-a0cb-b0947bea2bee,,,,18h 05m 27.5s,+02° 29′ 56″,K5 V,0.70,6.01,#,7.46,,,70 Ophiuchi (Gliese 702),B,,,,$,,
52a7283b-882f-4ac3-888e-84a0476876b8,16.73,±0.049,Aql*,19h 50m 47.0s,+08° 52′ 06″,A7 IV-Vn,1.79,0.77,#,2.22,194.95,±0.57,Altair (Alpha Aquilae),,,,,$,,
ee45a17a-07c2-48f3-a466-2009469d7f16,16.8,±0.011,Cnc,08h 58m 15.2s,+19° 45′ 47″,M5.5 V,0.12,14.06,,15.50,194.1443,±0.1228,"EI Cancri (GJ 1116, G 9-38)",A,,,,,,
df708d86-e813-47bd-aed4-792e45f8731f,,,,,,M V,0.10,14.92,,16.36,,,"EI Cancri (GJ 1116, G 9-38)",B,,,,,,
b123098e-36dc-4716-a20e-73050cb967b3,16.856,±0.052,UMi*,15h 06m 52.4s,+70° 27′ 25″,T6,,13.74 J,,15.17 J,193.5,±0.6,WISE J150649.97+702736.1,,,§,,,,
042b05c7-a98f-418b-aa09-ef5c65e8fc04,16.9861,±0.0027,Ori*,06h 00m 03.5s,+02° 42′ 24″,M3.5 V,0.2312,11.31,,12.73,192.0135,±0.0310,GJ 3379 (G 99-49),,,,,,,
f21e8e07-0100-49f8-8f61-38e5766e9d75,17.002,±0.037,Car,08h 17m 30.1s,−61° 55′ 16″,T6,0.015,13.61 J,,15.03 J,191.8362,±0.4186,DENIS J081730.0-615520,,,§,,,,
fa1c7540-2a2b-49cb-9078-01ce0e825fc0,17.1368,±0.0017,Cam*,11h 47m 41.4s,+78° 41′ 28″,M3.5 V,0.14,10.79,,12.19,190.3251,±0.0194,"Gliese 445 (LHS 2459, G 254-29)",,,,,,,
d8cb2cb4-c15d-4a84-aceb-a1daa74c05ff,17.3738,±0.0046,Nor*,15h 40m 43.5s,−51° 01′ 36″,M7 V,0.090,15.26,,16.63,187.729,±0.0496,2MASS J15404342−5101357,,,,,,,
0de8a964-b209-4281-80fc-ebbd54145b94,17.41,±0.44,Ant,09h 39m 35.5s,−24° 48′ 28″,T8 V,0.019–0.048,15.61 J,,16.97 J,187.3,±4.6,2MASS 0939−2448,A,,§,,,binary brown dwarf,
07d8ed6e-3888-4afc-af4f-1f4a03aa4871,,,,,,T8 V,0.019–0.038,,,,,,2MASS 0939−2448,B,,§,,,,
c95dbfef-26ee-4ce1-9b4b-2d452e58eaf9,17.5309,±0.0026,Eri,05h 01m 57.4s,−06° 56′ 46″,M4 V,0.1705,12.22,,13.57,186.0466,±0.0277,"Gliese 3323 (LHS 1723, LP 656-38)",,,,,,,has 2 known planets
7ec71b22-9848-4a9b-96fb-cfa3a26f43ab,17.7263,±0.0024,Boo*,13h 45m 43.8s,+14° 53′ 29″,M1 V,0.28,8.46,,9.78,183.9962,±0.0253,"Gliese 526 (Wolf 498, HD 119850)",,,,,,,
695a2b87-7127-43a0-b176-a261c6874389,17.9925,±0.0020,Cam,04h 31m 11.5s,+58° 58′ 37″,M4 V,0.252,11.04,,12.33,181.273,±0.0203,"Stein 2051 (Gliese 169.1, G 175-34)",A,,,,,,
e08df752-c95c-475f-82fb-17a9530c2d95,,,,04h 31m 12.6s,+58° 58′ 41″,DC5,0.675,12.43,,13.72,,,"Stein 2051 (Gliese 169.1, G 175-34)",B,,,‡,,,
6338c76a-16f6-471b-b57c-fdbdd1f44db0,18.2,±0.14,Hya,11h 14m 51.3s,−26° 18′ 24″,T7.5,0.029–0.048,15.86 J,,17.12 J,179.2,±1.4,WISEP J111448.80-261828.2,,,§,,,,
0cb10364-447b-4046-bfc1-981b685134b5,18.2146,±0.0028,Gem*,06h 54m 49.0s,+33° 16′ 05″,M3 V,0.360,10.02,,11.29,179.0629,±0.0280,"Gliese 251 (Wolf 294, HD 265866)",,,,,,,has 1 known planet
a4329606-3488-4a5f-bf6f-45219caa9aa8,18.3305,±0.0038,Cap*,20h 52m 33.0s,−16° 58′ 29″,M3.5 V,0.224,11.50,,12.75,177.9312,±0.0365,LP 816-60,,,,,,,
22c80dc1-683e-4546-afb6-73202047fb0c,18.49,±0.24,Ret*,03h 50m 00.3s,−56° 58′ 30″,Y1,,22.47 J,,23.70 J,176.4,±2.3,WISE 0350−5658,,,§,,,,
b244c4d7-2e00-4623-80d1-2bb1078312a9,18.5534,±0.0049,Lyr*,18h 35m 37.9s,+32° 59′ 55″,M8.5 V,0.053,18.27,,19.50,175.793,±0.0468,WISEA J183537.82+325945.4,,,,,,,
c16c772e-18d3-4e31-af81-65e454bb732c,18.6042,±0.0022,Ori,05h 31m 27.4s,−03° 40′ 38″,M1 V,0.556,7.95,,9.17,175.3131,±0.0204,"Gliese 205 (Wolf 1453, HD 36395)",,,,,,,has 2 candidate planets
440e7711-21f3-4928-8360-ee2e9ce97aee,18.62,±0.18,Eri,04h 15m 19.5s,−09° 35′ 07″,T8,0.03,15.34 J,,16.56 J,175.2,±1.7,WISE J041521.21-093500.6,,,§,,,,
fb8aafe4-a73c-48ae-826f-6021b20debcb,18.7906,±0.0018,Lep*,06h 10m 34.6s,−21° 51′ 53″,M1.5 V,0.579,8.14,,9.34,173.574,±0.0170,Gliese 229 (HD 42581),A,,,,,,has 2 known planets
e108eb52-c8fc-4f40-884a-170e5e9294a6,,,,,,T6 V,0.058,14.01 J,,15.21 J,,,Gliese 229 (HD 42581),B,,§,,,,
8ca004d6-15dd-4ee5-a987-a14424bb9e40,18.7993,±0.0081,Dra,19h 32m 21.6s,+69° 39′ 40″,G9 V,0.85,4.67,#,5.87,173.4939,±0.0748,Alsafi (Sigma Draconis),,,,,$,,
df88a1db-f82f-4a59-87aa-42950f7192e1,18.8883,±0.0031,Ori,05h 42m 09.3s,+12° 29′ 21″,M4 V,0.35,11.57,,12.76,172.6762,±0.0286,Ross 47 (Gliese 213),,,,,,,
bbb819c7-3b81-44ee-9946-d86addc81a67,19.1987,±0.0074,Lib*,14h 57m 28.0s,−21° 24′ 56″,K4 V,0.802,5.64,#,6.79,169.8843,±0.0653,"Gliese 570 (Lalande 27173, 33 G. Librae)",A,,,,$,,
835505c9-3df7-4b68-be62-413cf3330f97,,,,,,M1.5 V,0.55,8.30,,9.45,,,"Gliese 570 (Lalande 27173, 33 G. Librae)",B,,,,,,
6ff8efd8-0a6c-49fc-967a-15ad6200ce63,,,,,,M,0.35,9.96,,11.11,,,"Gliese 570 (Lalande 27173, 33 G. Librae)",C,,,,,,
ea58713a-175a-499e-9ee3-bc9bb0796ca9,,,,,,T7.5,0.05,15.32 J,,16.47 J,,,"Gliese 570 (Lalande 27173, 33 G. Librae)",D,,§,,,,
ec99f746-6f6e-4695-a047-c2a73b0a93f1,19.2078,±0.0053,Pav,17h 46m 32.4s,−57° 19′ 09″,M3 V,0.26,10.76,,11.91,169.8042,±0.0465,Gliese 693 (Luyten 205–128),,,,,,,
4d352744-f187-4667-97d8-cf3ba2893337,19.2724,±0.0067,Tel*,19h 20m 48.0s,−45° 33′ 30″,M4 V,0.173,12.23,,13.37,169.2351,±0.0588,Gliese 754 (Luyten 347–14),,,,,,,has 1 candidate planet
d1236954-7cdc-4513-86a6-ffc253614478,19.2745,±0.0032,Psc,23h 49m 12.5s,+02° 24′ 04″,M1 V,0.37,8.98,,10.12,169.2163,±0.0281,"Gliese 908 (Lalande 46650, BR Piscium)",,,,,,,
bea923bd-eb6a-4da7-93e2-90aebd956fc7,19.2922,±0.0027,Aql,19h 16m 55.3s,+05° 10′ 08″,M2.5 V,0.46,9.10,,10.24,169.0615,±0.0239,"Gliese 752 (Wolf 1055, HD 180617)",A,,,,,,has 1 known planet
3e53fb84-8f36-4934-90e1-f09583ebed0f,,,,19h 16m 57.6s,+05° 09′ 02″,M8 V,0.075,17.45,,18.59,,,"Gliese 752 (Wolf 1055, HD 180617)",B (VB 10),,,,,very small and very dim red dwarf,
40d5ee69-6727-48fd-af1b-b716c0b2e7ad,19.2996,±0.0031,Lup*,15h 32m 12.9s,−41° 16′ 32″,M2.5 V,0.43,9.31,,10.45,168.9965,±0.0270,Gliese 588 (CD-40 9712),,,,,,,has 2 candidate planets
916b664c-92ed-4aad-8569-affca0de9055,19.3314,±0.0025,Cas*,00h 49m 06.3s,+57° 48′ 55″,G3 V,0.972,3.46,#,4.60,168.7186,±0.0216,Eta Cassiopeiae (Gliese 34),Achird (A),,,,$,,
a05120ba-237d-4e50-a2cd-df9227940ec8,,,,,,K7 V,0.57,7.51,,8.65,,,Eta Cassiopeiae (Gliese 34),B,,,,,,
7a76b673-9239-4649-8f84-bb5e220a556c,19.4185,±0.0036,Oph,17h 15m 20.9s,−26° 36′ 09″,K1.5 V,0.85,5.07,#,6.20,167.9617,±0.0311,36 Ophiuchi (Gliese 663),Guniibuu (A),,,,$,,
f2a6610b-c308-4797-972a-aa14b008ca0f,,,,17h 15m 21.0s,−26° 36′ 10″,K1 V,0.85,5.08,#,6.21,,,36 Ophiuchi (Gliese 663),B,,,,$,,
1c37ef1c-34dd-4efb-acc9-a91008356e01,,,,17h 16m 13.4s,−26° 32′ 46″,K5 V,0.71,6.32,#,7.45,,,36 Ophiuchi (Gliese 663),C,,,,$,,
455a3715-e22c-4660-a596-3e7361c23331,19.533,±0.0040,CMi,07h 44m 40.2s,+03° 33′ 09″,M4 V,0.308,11.19,,12.30,166.9769,±0.0343,"YZ Canis Minoris (Ross 882, Gliese 285)",,,,,,,
cde56e83-0c0c-4d89-b236-9e71b12796b5,19.54,±0.24,Lib,15h 41m 51.6s,−22° 50′ 25″,Y0.5,0.011,20.99 J,,22.10 J,166.9,±2.0,WISE 1541−2250,,,§,,,,
1014e5e7-dabd-462d-8161-7a2e56e93c35,19.577,±0.035,Cet,00h 15m 28.1s,−16° 08′ 02″,M3.5 V,0.179,11.60,,12.71,166.6,±0.3,"GJ 1005 (Luyten 722-22, G 158-50)",A,,,,,"distance uncertain: 16.28±0.75, 17.91±0.67, 17.0±1.5, 16.26±0.76, 17.26, 19.695±0.095 ly",
080a14c4-e379-4aaa-9867-85e11f505ca9,,,,,,M V,0.112,14.02,,15.13,,,"GJ 1005 (Luyten 722-22, G 158-50)",B,,,,,,
3f48307d-dc99-4a71-98dc-1dc275e42207,19.609,±0.013,Sgr,20h 11m 11.93s,–36° 06′ 04″,K2.5 V,0.65,5.31,#,6.41,166.3272,±0.1065,"HR 7703 (279 G. Sagittarii, HD 191408, Gliese 783, IRAS 20079-3614)",A,,,,$,,
aaa6f4e6-1297-45b3-9dd8-1412cd6fbda3,,,,,,M4 V,0.24,11.50,,12.60,,,"HR 7703 (279 G. Sagittarii, HD 191408, Gliese 783, IRAS 20079-3614)",B,,,,,,
207920e1-e1e9-4969-9921-5db525856df3,19.7045,±0.0093,Eri,03h 19m 55.7s,−43° 04′ 11″,G8 V,0.70,4.26,#,5.35,165.5242,±0.0784,"82 G. Eridani (e Eridani, Gliese 139, HD 20794)",,,,,$,,"has 3 confirmed planets, 3 candidate planets, hot and cold dust disks"
5ba63351-a041-44db-bff0-3cd39871a8b5,19.7414,±0.0076,Aur*,07h 10m 01.8s,38° 31′ 46″,M4.5 V,0.226,12.05,,13.14,165.2147,±0.0636,"Gliese 268 (Ross 986, QY Aurigae)",A,,,,,,
a3330531-0959-48f4-983c-ad90f84e0d45,,,,,,M V,0.192,12.45,,13.54,,,"Gliese 268 (Ross 986, QY Aurigae)",B,,,,,,
7329ca94-68bd-4b3f-886c-6a8f1416bf56,19.893,±0.015,Pav,20h 08m 43.6s,−66° 10′ 55″,G8 IV,1.051,3.55,#,4.62,163.9544,±0.1222,Delta Pavonis,,,,,$,,has 1 candidate planet
0cdeda16-007d-4985-9f5e-031ae824c952,19.955,±0.057,Psc,01h 36m 56.5s,+09° 33′ 47″,T2.5,0.012,13.25 J,,14.32 J,163.4478,±0.4629,SIMP0136,,,§,,,,"rogue planet, 12.7 MJ"
de6d07a1-1653-4cc8-b391-df49f2b5d97b,19.96,±0.22,Leo,09h 37m 34.9s,29° 31′ 41″,T7,0.040,14.65 J,,15.71 J,163.39,±1.76,2MASS 0937+2931,,,§,,,,
88b35793-1567-41d3-b231-c11319587e2a,20.1062,±0.0028,Telescopium,20h 13m 53.4s,−45° 09′ 50″,M0V,,7.97,,,,,Gliese 784 (HD 191849),,,,,,, has 1 candidate planet
e9e14bc4-5fa4-46fa-999f-5b1b96bb7d0d,20.17,±0.25,Pegasus*,22h 09m 05.7s,+27° 11′ 44″,Y0,,,,,161.7,±2.0,WISE J2209+2711,,,§,,,,
2a91f77a-f007-4d6d-8b3e-f77f6b5309fa,20.2588,±0.0015,Draco,17h 48m 08.2s,+70° 52′ 35″,DXP9,,14.22,,,160.9952,±0.0119,"G 240-72 (LHS 455, GJ 1221, EGGR 372)",,,,‡,,,
f38316b3-089a-4110-824f-0c3f6fd7ae7f,20.3947,±0.0070,Libra,14h 34m 16.8s,−12° 31′ 10″,M4.0V,,10.3–10.33,,,159.9225,±0.0546,"Gliese 555 (Wolf 1481, HN Librae, BD-11 3759)",,,,,, BY Draconis variable, has 1 unconfirmed planet
b093e83f-840a-41eb-a805-55f8c6403782,20.4277,±0.0044,Pegasus,23h 31m 52.2s,+19° 56′ 14″,M3.5V,,10.35,,,159.6634,±0.0341,"EQ Pegasi (Gliese 896, BD+19 5116)",A,,,,, both components are flare stars, has 1 known planet orbiting star A of the binary system 
a220ecac-59c0-420d-8328-7371d5f6a334,,,,,,M4.5V,,12.4,,,,,"EQ Pegasi (Gliese 896, BD+19 5116)",B,,,,,,
7e0ed64c-287b-4cb1-a385-9d252da4c625,20.5494,±0.0039,Libra,15h 19m 26.8s,−07° 43′ 20″,M3.0V,,10.56–10.58,,,158.7183,±0.0301,"Gliese 581 (Wolf 562, HO Librae)",,,,,, BY Draconis variable, has 3 known planets
0e9e59d1-384b-4ff7-a2a6-2321b1f1e3fc,20.62,±0.34,Ursa Major,14h 05m 18.3s,+55° 34′ 21″,Y0.5,,,,,158.2,±2.6,WISE 1405+5534,,,§,,,,
d2263a2e-9b1d-492a-8da6-c2dbc3a85cf9,20.6575,±0.0026,Ursa Major,09h 14m 22.8s,+52° 41′ 12″,M0V,,7.64,,,157.8879,±0.0197,"ADS 7251 (HD 79210, Gliese 338, MCC 541)",A,,,,,, has 1 known planet orbiting star B of the binary system
4981fff9-2205-4198-b96d-adc8a2d15bac,,,,,,K7V,,7.70,,,,,"ADS 7251 (HD 79210, Gliese 338, MCC 541)",B,,,,,,
05f9b641-1ad0-49d1-bd7a-0bb38e2bd295,20.7388,±0.0071,Cancer,09h 00m 23.6s,+21° 50′ 05″,M6.5V,,16.10,,,157.2686,±0.0535,LHS 2090 (LP 368-128),,,,,,,
ce857d04-ba3b-414a-821d-9b806d3619f6,20.82,±0.18,Hercules,17h 12m 07.9s,+45° 39′ 57″,M3 V,,9.93,,,156.66,±1.37,"Furuhjelm 46 (HD 155876, Gliese 661)",A,,,,,,
6e1cbdbf-c38c-4002-9cdc-3be6bb370dd4,,,,,,M3.5 V,,10.35,,,,,"Furuhjelm 46 (HD 155876, Gliese 661)",B,,,,,,
1a997363-63eb-42d1-a99d-ff4b1e43020f,20.94,±0.10,Boötes,15h 03m 19.6s,+25° 25′ 20″,T5.5,,,,,155.7758,±0.7557,2MASS 1503+2525,,,§,,,,
3cbc92a9-3adf-4823-a69d-f209537fa857,20.9615,±0.0070,Fornax*,03h 39m 35.2s,–35° 25′ 44″,M9V,,18.69,,,155.5982,±0.0522,LP 944-20,,,§,,,,
90fd9115-9dfd-4ae6-a740-dc9aaece7d35,21.0102,±0.0024,Orion,05h 55m 09.5s,−04° 10′ 07″,DZ11,,14.45,,,155.2373,±0.0175,LP 658-2 (EGGR 45),,,,‡,,,
f712471e-abac-46bd-b291-20978268cdfe,21.0832,±0.0061,Virgo,12h 18m 59.4s,+11° 07′ 34″,M5Ve,,13.79,,,154.6999,±0.0445,GL Virginis (G 12-30),,,,,,flare star, has 1 known planet
02fceb45-121c-4e26-840b-5c954efc7db9,21.1309,±0.0022,Draco,16h 25m 24.6s,+54° 18′ 15″,M2.0V,,10.17,,,154.3503,±0.0161,"Gliese 625 (AC 54 1646-56, G 202-48)",,,,,,,
034a5095-e32d-42d9-b97f-57be642aeb41,21.1961,±0.0065,Ophiuchus,16h 55m 25.2s,−08° 19′ 21″,M3 V,,9.74,,,153.8754,±0.0474,V1054 Ophiuchi (HD 152751),Gliese 644 A,,,,,components Ab and Ac are flare stars,
8a3dc181-c899-420e-bde9-66d6367c96ec,,,,,,M4 Ve,,10.34,,,,,V1054 Ophiuchi (HD 152751),Gliese 644 Ba,,,,,,
6fb8b324-dab9-437b-ab03-fc52487c86f2,,,,,,M4 Ve,,10.84,,,,,V1054 Ophiuchi (HD 152751),Gliese 644 Bb,,,,,,
4d019800-3af6-42b6-949b-f4c6f9ba00a2,,,,,,M3.5 V,,11.74,,,,,V1054 Ophiuchi (HD 152751),Gliese 643,,,,,,
4af0ed6f-39cc-44a0-a078-9b51f78d79c8,,,,,,M7.0 V,,16.80,,,,,V1054 Ophiuchi (HD 152751),vB 8 (Gliese 644 C),,,,,,
25535682-ff37-4418-88a9-a2ed81e77a1f,21.2121,±0.0034,Carina,09h 42m 46.3s,−68° 53′ 06″,M4.0V,,12.78,,,153.7593,±0.0249,GJ 1128 (L 100-115),,,,,,,
dd5346ed-5b6a-43d9-bd1f-a99a44ce3777,21.3364,±0.0069,Cassiopeia,23h 13m 17.0s,+57° 10′ 06″,K3V,,5.574,#,,152.864,±0.0494,"HR 8832 (HD 219134, Gliese 892)",,,,,$,, has 6 known planets
460c1cfd-596b-4a87-b5ef-a08e31431c0a,21.37,±0.28,Cancer,08h 25m 07.4s,+28° 05′ 49″,Y0.5,,,,,152.6,±2.0,WISE 0825+2805,,,§,,,,
6488723b-da56-453a-9f3a-bb03232b88fd,21.56,±0.29,Taurus*,04h 10m 22.8s,+15° 02′ 47″,Y0,,,,,151.3,±2.0,WISE 0410+1502,,,§,,,,
547771d5-0671-45fb-82ce-55fbbc049f95,21.71,±0.44,Orion,05h 21m 26.4s,+10° 25′ 27″,T7.5,,,,,150.2,±3.0,WISE J0521+1025,,,§,,,,
2bf207bd-0416-4615-9a85-08fbd9041f93,21.7324,±0.0047,Centaurus,12h 38m 49.1s,−38° 22′ 53″,M4.5V:,,12.74,,,150.0781,±0.0322,"GJ 3737 (LHS 337, L 471-42)",,,,,,,
67230549-9ef2-4b18-b993-7bb3a092b7fb,22.0081,±0.0038,Leo,11h 00m 04.3s,+22° 49′ 59″,M3.0V,,10.02,,,148.1986,±0.0253,Gliese 408 (Ross 104),A,,,,,,
5b50276b-0a80-4de1-8961-a7d07d473a54,,,,,,M,,,,,,,Gliese 408 (Ross 104),B,,,,,,
c4eec54d-47a3-4bb6-a98f-2739c4ad7c44,22.0109,±0.0081,Boötes,14h 51m 23.4s,+19° 06′ 02″,G8Ve,,4.70,#,,148.1793,±0.0546,Xi Boötis,A,,,,$,BY Draconis variable,
9c2f3129-a278-41e6-8c81-f42910902531,,,,,,K4Ve,,6.97,,,,,Xi Boötis,B,,,,$,,
843845ee-7698-49ee-a06b-6d08743d581c,22.079,±0.014,Cancer,08h 11m 57.6s,+08° 46′ 22″,M4.5V,,12.83,,,147.7218,±0.0950,Gliese 299 (Ross 619),,,,,,,
40789f4b-6402-4ea3-b491-26f59cef190a,22.08,±0.30,Cancer,08h 58m 56.3s,+08° 28′ 26″,M3.5V,,10.92,,,147.66,±1.98,GJ 3522 (G 41-14),A,,,,,,
6761e50b-b785-4d10-be08-bcc77869a38c,,,,,,M,,,,,,,GJ 3522 (G 41-14),B,,,,,,
e55d81b1-87e5-4013-be8d-71ac4b6981f4,,,,,,M,,,,,,,GJ 3522 (G 41-14),C,,,,,,
4c1dca8b-6432-4ed0-a049-efccae46b884,22.1129,±0.0039,Pegasus,21h 29m 36.8s,+17° 38′ 36″,M3+M,,10.30,,,147.4958,±0.0257,Gliese 829 (Ross 775),A,,,,,,
942f3c32-b0f1-49b3-9998-b165977c049d,,,,,,M,,,,,,,Gliese 829 (Ross 775),B,,,,,,
ba288b70-4ba6-449d-83bb-cd3d27bd3041,22.17,±0.18,Monoceros,07h 20m 03.3s,−08° 46′ 50″,M9.5,,18.3,,,147.1,±1.2,Scholz's Star,A,,,,,"passed through the Solar System's Oort Cloud 70,000 years ago",
cf97bc84-9945-43a9-a62b-8cedc7d457f9,,,,,,T5.5,,,,,,,Scholz's Star,B,,§,,,,
5d0f9bce-3f0b-43bc-9190-9ae7a7b4047d,22.28,±0.18,Vulpecula*,19h 28m 41.5s,+23° 56′ 02″,T6,,,,,146.4067,±1.2001,WISE 1928+2356,A,,§,,,,
3ebe11f9-2628-42eb-a5a5-1036ce01e937,,,,,,,,,,,,,WISE 1928+2356,B,,§,,,,
2650e5be-e793-43eb-ac1e-f66b4322858a,22.32,±0.23,Cetus,02h 54m 09.6s,+02° 23′ 59″,T8,,,,,146.1,±1.5,WISE J0254+0223,,,§,,,,
93da80bb-9026-4165-9ea6-8c57f9d2f1ad,22.3867,±0.0037,Eridanus,03h 01m 51.4s,−16° 35′ 36″,M3.0,,11.22,,,145.6922,±0.0244,LTT 1445 (BD-17 588),A,,,,,,has 1 known planet orbiting star A
b02a6a4d-ac2e-479d-a0c4-67e6999af2a7,,,,,,M3.5,,11.37,,,,,LTT 1445 (BD-17 588),B,,,,,,
daa44481-7f42-45eb-a3f1-37b978792a56,,,,,,M,,,,,,,LTT 1445 (BD-17 588),C,,,,,,
8e28cee3-81f5-4d89-a481-01b5ddedfa5e,22.3973,±0.0039,Pegasus,22h 56m 34.8s,+16° 33′ 12″,M2.0V,,8.64,,,145.6234,±0.0254,Gliese 880 (HD 216899),,,,,,,has 1 candidate planet
e520298f-ae58-4f5c-a0dd-f2eac5b19a5a,,+2.6−2.0,Ursa Major,10h 55m 12.1s,+54° 43′ 28″,Y0 (pec),,,,,145.0,±14.7,CWISE J1055+5443,,,§,,,possibly a young low mass object (4−6 MJ),
965a6d1d-cabc-4303-a12f-6255f4129668,22.7225,±0.0045,Leo,10h 50m 52.0s,+06° 48′ 29.2″,M5.0V,,11.68,,,143.5391,±0.0286,"Gliese 402 (EE Leonis, Wolf 358)",,,,,,BY Draconis variable member of the Hercules-Lyra association,
31180180-fd3f-405e-91be-6126a3e1ee4d,22.9534,±0.0034,Sextans,10h 28m 55.6s,+00° 50′ 28″,M2.5V,,9.65,,,142.0951,±0.0212,Gliese 393 (BD+01 2447),,,,,,Member of the AB Doradus moving group, has 1 candidate planet
1b3b2832-6473-4654-892f-da7de244369c,22.96,±0.0026,Cepheus,20h 53m 19.8s,+62° 09′ 16″,M2.0V,,8.60,,,142.0543,±0.0160,Gliese 809 (HD 199305),A,,,,,,
874ad37f-accc-4fc3-b6d1-11c02585d735,,,,,,M,,,,,,,Gliese 809 (HD 199305),B,,,,,,
2b6c508f-625e-4e94-a362-7efd357ddf06,22.9858,±0.0034,Cygnus,21h 46m 22.1s,+38° 13′ 05″,M5V,,,,,141.8946,±0.0212,LSPM J2146+3813 (UCAC4 642-113039),,,,,,,
93122b0c-93a9-478d-b3e0-d69a10eb8de1,23.003,±0.010,Hydra,14h 56m 38.3s,−28° 09′ 47″,M7.0V,,17.14,,,141.7891,±0.0617,"LHS 3003 (GJ 3877, LP 914-54)",,,,,,,
e428956d-d21b-4c51-a003-e70a9ac49e5d,23.16,±0.33,Delphinus*,20h 56m 28.9s,+14° 59′ 54″,Y0,,,,,140.8,±2.0,WISE 2056+1459,,,§,,,,
12f580e1-5535-43e7-a011-b7ec81e50c58,23.1816,±0.0035,Dorado*,04h 10m 28.1s,−53° 36′ 08″,M4.5,,13.58,,,140.6961,±0.0214,GJ 1068 (L 230-188),,,,,,,
0456c5e7-6473-49b4-bfb1-c9b003242e16,23.23,±0.35,Andromeda,00h 49m 45.6s,+21° 51′ 20″,T8.5,,,,,140.4,±2.1,WISE J004945.61+215120.0,,,§,,,,
9b98ca55-05ff-4973-966c-589fd60ab1b7,23.4074,±0.0074,Pisces,23h 35m 10.5s,−02° 23′ 21″,M5.5V,,14.69,,,139.3389,±0.0441,GJ 1286 (G 157-77),,,,,,,
822e9a46-e9d7-47ac-ac0d-f2bf7e117889,23.5599,±0.0071,Cetus,02h 36m 04.9s,+06° 53′ 13″,K3V,,5.82,#,,138.4371,±0.0420,"Gliese 105 (268 G. Ceti, HD 16160)",A,,,,$,star B is a BY Draconis variable,
685050fd-8ffb-49d6-8703-d47f46663f9c,,,,,,M4.5V,,11.66,,,,,"Gliese 105 (268 G. Ceti, HD 16160)",B,,,,,,
284bc299-c7c4-4e15-95eb-a7eca24714d7,,,,,,M6V,,16.9,,,,,"Gliese 105 (268 G. Ceti, HD 16160)",C,,,,,,
0dcc6608-5e80-4957-a294-36027748afbb,23.581,±0.037,Hydra,08h 35m 42.6s,−08° 19′ 24″,L5,,,,,138.3147,±0.2145,2MASS J08354256-0819237,,,§,,,,
d619d7ad-bfc1-43cc-9ae7-945580930808,23.5955,±0.0082,Aquarius,22h 23m 07.0s,−17° 36′ 26″,M4.5Ve,,13.30,,,138.228,±0.0482,GJ 4274 (L 788-34),,,,,,,
7cc9d722-9b78-4b01-85a8-49d6ebe0b091,23.6232,±0.0048,Scorpius,17h 18m 57.2s,−34° 59′ 23″,K3V,,7.07,,,138.0663,±0.0283,Gliese 667 (142 G. Scorpii),A,,,,$,,star C has 2 known planets
4b607d45-175a-49d8-9860-6e56a3f5563d,,,,,,K5V,,8.02,,,,,Gliese 667 (142 G. Scorpii),B,,,,$,,
f157a87f-25d5-4571-8f9b-87af53500ec0,,,,,,M1.5V,,11.03,,,,,Gliese 667 (142 G. Scorpii),C,,,,,,
ed611507-89e6-47fe-9533-506dc60ee9cc,23.624,±0.089,Gemini,06h 07m 38.7s,+24° 29′ 54″,L8,,14.22 ± 0.03 (J),,,138.0616,±0.5185,WISE 0607+2429,,,§,,,,
24e7f3d1-d8d4-4b13-a445-e8a7b6924156,24.05,±0.51,Cepheus,03h 13m 26.0s,+78° 07′ 44″,T8.5,,,,,135.6,±2.8,WISE 0313+7807,,,§,,,,
5d3acf4f-174b-4842-90dc-cc14946946c8,24.169,±0.047,Libra,15h 07m 47.7s,−16° 27′ 389″,L5.5,,22.14,,,134.9474,±0.2611,2MASS 1507-1627,,,§,,,,
68206060-d34b-49b3-882a-ca9dc969d9a0,24.25,±0.010,Pisces,00h 48m 23.0s,+05° 16′ 50″,K2.5V,,5.75,#,,134.4948,±0.0578,"HD 4628 (96 G. Piscium, Gliese 33)",,,,,$,,
327b749e-115d-41ba-a2ae-96c679975371,24.327,±0.020,Hydrus,00h 25m 45.1s,–77° 15′ 15″,G2IV,,2.79,#,,134.07,±0.11,Beta Hydri,,,,,$,,
55df23b5-37e4-4ee4-9c79-34784caab6bb,24.45,±0.41,Cygnus,20h 00m 50.2s,+36° 29′ 50″,T8,,,,,133.4,±2.2,WISE J2000+3629,,,§,,,,
f3628f54-26d7-4b5b-86c8-0f1e394dd495,24.784,±0.081,Hercules,17h 09m 32.0s,+43° 40′ 49″,M3.5V,,13.671,,,131.5996,±0.4285,GJ 3991 (G 203-47),A,,,,,,
71c65b19-3503-4d6c-bbfe-570d03db85f7,,,,,,D?,,,,,,,GJ 3991 (G 203-47),B,,,,,,
fd08a333-ccf7-4539-964c-cf6b2016582a,24.7929,±0.0052,Piscis Austrinus,22h 56m 24.17s,−31° 33′ 56″,K5Vp,,6.48,#,,131.5525,±0.0275,Alpha Piscis Austrini,B (TW PsA),,,,$,component B of triple system,
bc577060-4252-4720-adf8-fee87b954e7f,24.805,±0.029,Pisces,01h 42m 29.8s,+20° 16′ 07″,K1V,,5.24,#,,131.4903,±0.1515,107 Piscium,,,,,$,,
5c891a10-ea6b-4c9f-a083-46fcbb5a4fbd,24.8445,±0.0075,Aquila,18h 48m 17.5s,+07° 41′ 21″,M6V,,,,,131.279,±0.0398,G 141-36,,,,,,,
a43d45c6-67e0-40b6-9834-13a0ad8b1aa8,24.8782,±0.0051,Virgo,13h 29m 59.8s,+10° 22′ 38″,M1.0V,,9.02,,,131.1013,±0.0270,Gliese 514 (BD+11 2576),,,,,,,has 1 planet  confirmed in 2022.
c27c9090-7785-4fed-a09a-31c0b5bf75f3,24.92,±0.41,Hercules,17h 38m 35.5s,+27° 32′ 59″,Y0,,,,,130.9,±2.1,WISE 1738+2732,,,§,,,,
eb736cc5-bf15-410e-87e7-242f2332b8f9,24.9254,±0.0041,Draco,18h 18m 57.2s,+66° 11′ 33″,M4.5V,,13.46,,,130.8531,±0.0217,GJ 4053 (G 258-33),,,,,,,
6c72a006-0ec6-4261-90ee-c4f03d450162,24.97,±0.65,Pisces,23h 54m 02.8s,+02° 40′ 14″,Y1,,,,,130.6,±3.3,WISEA 2354+0240,,,§,,,,
c55e7b9d-98f9-47d0-960f-20b0c68917c2,25.008,±0.010,Grus,22h 02m 29.4s,−37° 04′ 51″,M3.5,,11.80,,,130.4186,±0.0534,GJ 4248 (L 499-56),,,,,,,
885504fe-1a36-48fa-97fe-737f6244f85b,25.033,±0.084,Cassiopeia,01h 08m 16.4s,+54° 55′ 13″,G5VIp,,5.14,#,,130.2881,±0.4348,Mu Cassiopeiae (Gliese 53),A,,,,$,,
22848254-4363-4fed-8a63-9e3bdb145382,,,,,,M5V,,11.45,,,,,,B,,,,,,
66e4011e-d6d3-490e-aab5-79a3cb178620,25.0368,±0.0062,Aquarius,22h 48m 04.5s,−24° 22′ 08″,M4V,,12.624,,,130.2707,±0.0325,Alpha Piscis Austrini,C (LP 876-10),,,,,component C of triple system,
73f3c392-6b36-4147-9e9d-f01d023f3395,25.045,±0.069,Lyra,18h 36m 56.3s,+38° 47′ 01″,A0Va,,0.03,#,,130.23,±0.36,Vega (Alpha Lyrae),,,,,$,,
5e4c54fe-2c9a-4c7a-89dd-d8a559e4958e,25.0513,±0.0054,Aries,02h 44m 15.5s,+25° 31′ 24″,M3.5V,,10.56,,,130.1956,±0.0281,VX Arietis (Gliese 109),,,,,,flare star,
13045953-e3c1-4275-bb49-a6b14c74bb36,25.126,±0.091,Piscis Austrinus,22h 57m 39.0s,−29° 37′ 20″,A3V,,1.16,#,,129.81,±0.47,Alpha Piscis Austrini,A (Fomalhaut),,,,$," has 1 refuted planet, component A of triple system",
c8edd339-e68b-4bb7-9e3f-4e94e35003a8,25.1364,±0.0049,Sextans,10h 12m 17.7s,−03° 44′ 44″,M1V,,9.264,,,129.7544,±0.0252,AN Sextantis (Gliese 382),,,,,,,
e7804f86-96a7-4139-90d8-53af002d045d,25.1575,±0.0034,Ophiuchus,17h 25m 45.2s,+02° 06′ 41″,K7V,,7.492,,,129.6459,±0.0175,Gliese 673 (HD 157881),,,,,$,,
9be07b6e-af41-4b91-9dfc-bf9b0b00450c,25.2,±0.012,Centaurus,12h 59m 04.7s,−43° 36′ 24″,M7.5V,,18.01,,,129.4288,±0.0620,SIPS 1259-4336,,,,,,,
7c74c3cf-96cb-44ab-a81e-5f28a258d341,25.222,±0.024,Sculptor,00h 24m 44.2s,−27° 08′ 25″,M5.5-6V,,15.35,,,129.3167,±0.1256,"LHS 1070 (LP 881-64, GJ 2005)",A,,,,,,
a8e75423-f146-4e89-88b7-b6fcffcb01ab,,,,,,M8.5V,,,,,,,,B,,,,,,
9947d0d9-0643-49ff-beca-b5347cab7774,,,,,,M9-9.5V,,,,,,,,C,,,,,,
a2f7f457-2aec-419f-8d42-669cd1146d10,25.2245,±0.0055,Camelopardalis,06h 01m 11.0s,+59° 35′ 50″,M4.0Ve,,7.465 (J),,,129.3014,±0.0283,G 192-13 (GJ 3378),,,,,,,
8dd7243f-a2e0-4820-bf2f-d1bf09e528b2,25.2407,±0.0050,Serpens*,18h 05m 07.6s,−03° 01′ 53″,M1V,,9.9,,,129.2184,±0.0256,Gliese 701 (HD 165222),,,,,,,
0e394199-bcb9-4aa3-b2f6-7e2aec2987ee,25.286,±0.012,Gemini,06h 59m 28.8s,+19° 20′ 56″,M5Ve,,,,,128.9866,±0.0607,GJ 1093 (G 109-35),,,,,,,
e06495ac-0e96-46ac-96e6-1469a85bde68,25.4203,±0.0063,Draco,18h 02m 16.6s,+64° 15′ 44″,M5.0V,,13.51,,,128.3057,±0.0319,LP 71-82 (G 227-22),,,,,,Very rapid star rotation,
62171425-015d-415b-a5dc-1014ba0d48c9,25.47,±0.10,Ophiuchus,18h 00m 26.5s,+01° 34′ 57″,L7.5,,14.30 (J),,,128.0546,±0.5101,WISE 1800+0134,,,§,,,,
5ff2385b-d2e0-4819-911b-70b6f3da010f,25.585,±0.097,Hercules,16h 24m 09.3s,+48° 21′ 11″,M3.0Ve,,,,,127.4785,±0.4818,Gliese 623,A,,,,,,
a3bd36f2-2e34-4fdc-ac76-3516660df432,,,,,,M,,,,,,,,B,,,,,,
2eb3f31b-96dd-4f3b-8bb6-70c80a463fea,25.7,±0.43,Andromeda,00h 05m 17.5s,+37° 37′ 21″,T9,,,,,126.9,±2.1,WISE J0005+3737,,,§,,,,
579fe92f-70c7-40c0-ba46-210f9308bd14,25.702,±0.081,Tucana*,01h 10m 22.9s,−67° 26′ 42″,M2.5V,,,,,126.9,±0.4,Gliese 54 (CD-68 47),A,,,,,,
07c31dc3-4b32-44ac-b721-82afcd98eb39,,,,,,M,,,,,,,,B,,,,,,
ea62364b-2a67-416b-bf7d-fc9c3ddf922c,25.82,±1.82,Puppis*,07h 29m 00.0s,−39° 54′ 04″,T8,,,,,126.3,±8.3,2MASS 0729-39,,,§,,,,
a76ca09b-066a-4c40-861d-04f127ab4942,25.9987,±0.0063,Serpens,18h 07m 32.8s,−15° 57′ 47″,M4Ve,,,,,125.4509,±0.0306,GJ 1224 (G 154-44),,,,,,,
a6d82fd6-05e1-4d40-833b-df2e5760669a,26.0295,±0.0045,Puppis,07h 40m 11.8s,−42° 57′ 40″,M4.5,,13.81,,,125.3028,±0.0215,SCR J0740−4257,,,,,,,
bba0e1fc-1914-4a71-9862-1ba4b5b2fc93,26.03,±0.062,Capricornus,21h 31m 18.6s,−09° 47′ 26″,M4.5V,,,,,125.3,±0.3,"BB Capricorni (Wolf 922, Gliese 831)",A,,,,,,
e31dfa9c-8143-4780-8b13-b2b7b775dca9,,,,,,M,,,,,,,,B,,,,,,
85fbc469-e9ea-465c-8696-d38e2457c215,26.2274,±0.0084,Puppis,06h 57m 46.6s,−44° 17′ 28″,M3.5V,,,,,124.3569,±0.0399,Gliese 257 (CD-44 3045),A,,,,,,
861741df-5d40-4975-adef-4aa4b5b36b43,,,,,,M,,,,,,,,B,,,,,,
09082043-0256-4045-9994-6dd8a88731bd,26.231,±0.012,Ursa Major,11h 50m 57.7s,+48° 22′ 39″,M7,,,,,124.3378,±0.0549,GJ 1151 (G 122-49),,,,,,,
bb62e9ef-e775-481e-a01c-6e013f6932c9,26.2637,±0.0062,Centaurus,12h 40m 46.3s,+43° 33′ 59″,M3V,,,,,124.1851,±0.0295,Gliese 480.1 (L 399-68),,,,,,,
c4ea26a1-5d97-45cd-b4c2-e92719f75e2e,26.28,±0.19,Draco,18h 21m 03.4s,+72° 43′ 58″,F7V,,3.68,#,,124.11,±0.87,Chi Draconis,A,,,,$,,
45ca0b7d-5ba5-4e5e-8539-0f8c02dd5ce2,,,,,,K0V,,5.67,#,,,,,B,,,,$,,
bfdfa313-f80f-424c-a167-cd548feb3fdf,26.316,±0.036,Orion,04h 49m 50.4s,+06° 57′ 41″,F6V,,3.16,#,,123.94,±0.17,Pi3 Orionis (Tabit),,,,,$,,
bb083649-7752-44f8-a4cd-6bc95c2aedbc,26.3506,±0.0070,Virgo,12h 47m 56.6s,+09° 45′ 05″,M3.5Ve,,,,,123.7756,±0.0329,Gliese 486 (Wolf 437),,,,,,has one known planet,
ae3df7e3-89a4-47d8-95be-ff312c478c4a,26.37,±0.08,Cygnus,21h 48m 16.3s,+40° 03′ 59″,L6.5pec (red),,,,,123.6752,±0.3595,2MASS J21481628+4003593,,,§,,,,
9dd365f4-e1bd-4a2e-8bba-4de777f42944,26.3764,±0.0032,Cepheus,20h 30m 32.0s,+65° 26′ 58″,M3V,,,,,123.6547,±0.0148,Gliese 793 (G 262-15),,,,,,,
f9994591-ad14-499a-aca2-db9b135b6665,26.3789,±0.0096,Virgo,12h 14m 16.5s,+00° 37′ 26″,M4.5Ve,,,,,123.643,±0.0449,GJ 1154 (G 13-22),,,,,,,
2e2f51c9-331c-44c6-94c8-f20989bccb64,26.473,±0.0051,Puppis,08h 12m 40.9s,−21° 33′ 07″,M3.5V,,,,,123.2033,±0.0236,Gliese 300 (L 674-15),,,,,,,
ddc91830-f80d-4156-b628-41ff19bc0946,26.474,±0.0037,Orion,05h 56m 25.5s,+05° 21′ 48″,DAP8.9,,12.930,,,123.1989,±0.0170,"G 99-47 (EGGR 290, GJ 1087)",,,,‡,,,
59a9add2-4990-421b-a285-a3448d6d1ed8,26.6132,±0.0038,Hercules,17h 37m 53.3s,+18° 35′ 30″,MV,,,,,122.5546,±0.0176,Gliese 686,,,,,,has 1 known planet,
0780efcb-4c2b-43ad-a50e-1947fde6cee3,26.6439,±0.0025,Volans*,07h 53m 08.1s,−67° 47′ 31″,DC8.8,,12.726 (J),,,122.413,±0.0114,"L 97-12 (LAWD 26, Gliese 293)",,,,‡,,,
b25d6aba-f352-4bc5-972c-aea08c1d586a,26.69,±0.35,Auriga,05h 21m 26.9s,+36° 41′ 00″,T8.5,,,,,122.2,±1.6,UGPS J0521+3640,,,§,,,,
3fc107fc-e61c-49a8-85bf-a9f78889835c,26.7334,±0.0070,Eridanus,01h 39m 47.6s,−56° 11′ 47″,K2V,,5.82,#,,122.0035,±0.0319,p Eridani (Gliese 66),A,,,,$,,
6ab7b023-001d-4f14-8c7e-ad8dbe5a1b6f,,,,,,K2V,,5.95,#,,,,,B,,,,$,,
e47cb0ff-5bc2-4796-a59b-618bf3b4a38c,26.7982,±0.0070,Eridanus,02h 00m 38.3s,−55° 58′ 05″,MV,,,,,121.7084,±0.0319,L 173-19,,,,,,,
a66c58a7-e316-4842-98bb-8a7c94d16d10,26.8502,±0.0055,Aquarius,23h 00m 16.1s,−22° 31′ 28″,K7+Vk,,7.88,,,121.4724,±0.0249,Gliese 884 (HD 217357),,,,,$,,
71b2d44e-0c8b-4181-95ef-3930b06a4f87,26.853,±0.0035,Cassiopeia,01h 02m 32.2s,+71° 40′ 47″,M3.0Ve,,,,,121.4598,±0.0158,Gliese 48 (Ross 318),,,,,,,
a6d34ba6-131c-4a33-a0a3-695c0fd9adb9,26.87,±0.61,Ursa Major,11h 50m 13.9s,+63° 02′ 42″,T8,,,,,121.4,±2.7,WISEPC J115013.88+630240.7,,,§,,,,
d2060359-ddaa-445f-8fb6-8e3b8d5037dc,27.134,±0.045,Lyra,19h 07m 43.0s,+32° 32′ 42″,M3V,,,,,120.2,±0.2,Gliese 747 (G 207-16),A,,,,,,
317fbca9-41a9-4e8a-82b8-d79998d34e81,,,,,,M,,,,,,,,B,,,,,,
02167642-fdf8-4772-8976-2a0a587f31b9,27.16,±0.41,Reticulum,03h 48m 07.7s,−60° 22′ 27″,T7,,,,,120.1,±1.8,2MASS 0348-6022,,,§,,,,
ef23636a-8c81-47b0-9e6b-76648b326ef3,27.176,±0.0049,Phoenix*,00h 02m 10.7s,−43° 09′ 55″,DAP5.8,,,,,120.0143,±0.0215,"WD 2359-434 (LAWD 96, Gliese 915)",,,,‡,,,
0ffdd843-a9a1-4e34-a2f5-1e6bf0deaa30,27.197,±0.035,Hercules,17h 46m 27.5s,+27° 43′ 15″,G5IV,,3.42,#,,119.9248,±0.1543,Mu Herculis,Aa,,,,$,,
cc208432-3b49-4c75-b9ab-7eb40fbe9bdc,,,,,,M4V,,,,,,,,Ab,,,,,,
0262b35f-9d67-4bd3-876e-231744ffd042,,,,,,M3.5V,,,,,,,,B,,,,,,
19ae4565-0149-4da4-9e74-6e6a0619adda,,,,,,M,,,,,,,,C,,,,,,
4d0afd13-9ca8-4525-9cb8-44dfd0926c16,27.2349,±0.0069,Virgo,13h 36m 31.8s,+03° 40′ 45″,DZ10.0,,,,,119.7566,±0.0304,Wolf 489,,,,‡,,,
67320bb4-dd07-4a29-8b86-4a2e20915f14,27.236,±0.0078,Draco,18h 22m 27.1s,+62° 03′ 02″,M4.0V,,,,,119.7519,±0.0341,GJ 1227 (G 227-29),,,,,,,
08f6181c-ed97-425f-a5f1-33c593760fdc,27.275,±0.013,Andromeda,23h 43m 06.3s,+36° 32′ 13″,MV,,,,,119.5794,±0.0563,GJ 1289 (G 130-4),,,,,,,
7265522f-5483-4a34-a763-a30852c79e50,27.2766,±0.0096,Lepus,05h 02m 28.5s,−21° 15′ 24″,K7V,,,,,119.5737,±0.0420,Gliese 185 (HD 32450),A,,,,,,
16f07ef1-92ad-4101-96f8-76d5ea4acf5d,,,,,,M,,,,,,,,B,,,,,,
e4622ab1-f8a5-480f-91d9-e060257e1dd3,27.3296,±0.0070,Chamaeleon*,11h 38m 16.8s,−77° 21′ 49″,MV,,,,,119.3419,±0.0305,SCR 1138-7721,,,,,,,
7095e6c3-7c3a-4705-9f0f-328c20bacf45,27.39,±0.16,Norma,15h 46m 41.7s,−55° 34′ 47″,M7.5,,,,,119.0962,±0.7032,SCR J1546−5534,A,,,,,,
085a39da-f4b7-4614-a2fc-c30895499a82,,,,,,T8,,,,,,,,B,,§,,,,
098cde25-17e8-4f9c-9e18-020868c45e9d,27.45,±0.64,Pisces,00h 34m 51.6s,+05° 23′ 05″,T6.5,,,,,118.8,±2.7,2MASS J00345157+0523050§,,,,,,,
993de5b6-04ba-441b-82fd-f026d8721ce6,27.604,±0.0036,Cepheus,21h 51m 38.3s,+59° 17′ 40″,M3.5V,,,,,118.1551,±0.0155,TYC 3980-1081-1,A (IRAS 21500+5903),,,,,,
4fcde9e9-3bf5-4b4f-9b56-a249487bd346,,,,,,DAH,,,,,,,,B (UCAC4 747-070768),,,‡,,,
6b021fc5-dfaa-47c2-a5bc-d4d79827e4fe,27.634,±0.036,Canes Venatici*,12h 33m 44.5s,+41° 21′ 27″,G0V,,4.24,#,,118.0266,±0.1530,Beta Canum Venaticorum (Chara),,,,,$,,
a156bae2-f9c5-4fc9-80ec-6e489c21ad17,27.7046,±0.0065,Gemini,06h 24m 41.3s,+23° 25′ 59″,M4V,,,,,117.7263,±0.0278,Gliese 232 (Ross 64),,,,,,,
a27d4c45-4f80-490d-845a-73f8bd18a263,27.7647,±0.0069,Scorpius,16h 20m 03.5s,−37° 31′ 44″,M3V,,,,,117.4716,±0.0291,Gliese 618 (CD-37 10765),A,,,,,,
eb63b6cd-9c77-464c-9d5b-d07f666054c4,,,,,,M5,,,,,,,,B,,,,,,
de4dc61b-e41b-489b-bbf1-e953cc62cda7,27.7826,±0.0049,Pyxis*,08h 41m 32.4s,−32° 56′ 33″,DA5.5,,,,,117.3961,±0.0205,"Gliese 318 (CD-32 5613, LAWD 28)",,,,‡,,suspected double white dwarf,
8b6fdd02-7c9e-481c-aa00-84c3dd859fd7,27.836,±0.035,Virgo,13h 18m 24.3s,−18° 18′ 40″,G7V,,4.74,#,,117.1726,±0.1456,61 Virginis,,,,,$,has 3 known planets,
188adeb0-2683-48aa-8c72-2e045ea939bc,27.8436,±0.0081,Aquarius,22h 53m 53.3s,−06° 46′ 54″,DZ,,,,,117.1388,±0.0341,GJ 1276 (EGGR 453),,,,‡,,,
a22b4d9e-cdfc-4bcf-8983-88be986d5302,27.869,±0.015,Virgo,13h 00m 33.5s,+05° 41′ 08″,M4.5Ve,,,,,117.0327,±0.0613,Gliese 493.1 (Wolf 461),,,,,,,
d8f4001d-d30d-4053-b514-26de63db83c7,27.97,±0.23,Canis Minor,07h 36m 25.1s,+07° 04′ 43″,M4.5V,,,,,116.6,±0.97,GJ 3454 (G 89-32),A,,,,,,
c3ca96bb-17f9-4898-b209-f67a9432f72f,,,,,,M,,,,,,,,B,,,,,,
9cf2a1fe-3abb-498b-a488-7688551da93d,28.02,+5.99−4.20,Eridanus,02h 02m 16.2s,+10° 20′ 14″,Y1,,,,,116.4,±20.5,CWISEP 0402-2651,,,§,,,,
e5cd48a8-3a96-445a-a925-b99fd9d395df,28.0412,±0.0041,Octans*,22h 55m 45.5s,−75° 27′ 31″,M3V,,10.377,,,116.3134,±0.0168,Gliese 877 (L 49-19),,,,,,,
eeabf77a-a3df-4ef3-a616-a55a412d95e7,28.052,±0.010,Cetus,03h 13m 22.9s,+04° 46′ 29″,M4.5Ve,,,,,116.2678,±0.0427,CD Ceti,,,,,,,
711ed9ed-a84a-419b-81b5-018f44d78dc3,28.073,±0.032,Tucana,00h 20m 04.3s,−64° 52′ 29″,F9.5V,,4.23,#,,116.1826,±0.1334,Zeta Tucanae,,,,,$,,
3ec88df9-0cdd-49e8-9786-c05066a1b83c,28.107,±0.011,Serpens,15h 30m 30.3s,+09° 26′ 01″,M5.5V,,,,,116.0425,±0.0435,LP 502-56 (NLTT 40406),,,,,,,
1e778cd3-97c2-4644-87bb-e87608d9e57f,28.12,+9.37−5.62,Draco,16h 47m 15.8s,+56° 32′ 06″,T6,,16.59,,,116.0,±29,WISE 1647+5632,,,§,,,,
c4bb0959-fa2c-4dff-888f-bf70c6646b1d,28.2,±5.7,Orion,06h 17m 41.8s,+19° 45′ 13″,L2,,,,,,,CWISE 0617+1945,A,,§,,,"parallax uncertain, brown dwarfs are separated by about 37 AU",
01ace548-d4b1-4bd2-8edb-a3e46f088b0c,,,,,,L4,,,,,,,,B,,§,,,,
64ab7e08-63db-4efa-8bad-313d516e16c2,28.242,±0.018,Hydra,08h 53m 36.2s,−03° 29′ 32″,M9V,,18.959,,,115.4876,±0.0726,GJ 3517 (LP 666-9),,,,,,,
68a8455a-92d7-4abb-a1f8-9bc651eb3010,28.256,±0.066,Orion,05h 54m 23.0s,+20° 16′ 34″,G0V,,4.39,#,,115.43,±0.27,Chi1 Orionis,A,,,,$,,
4acc2509-f86b-4601-9e5e-11df36982642,,,,,,,,,,,,,,B,,,,,,
467b22b5-cafe-41d2-b6ad-1d9fe4da47d0,28.2636,±0.0073,Columba*,06h 04m 32.2s,−34° 33′ 36″,M4.5Ve,,12.96,,,115.3982,±0.0298,AP Columbae,,,,,,,
aade4747-ad76-460f-8868-380921c394d2,28.3408,±0.0088,Centaurus,11h 41m 21.5s,−36° 24′ 35″,M5,,13105,,,115.0835,±0.0359,SIPS J1141-3624 (PM J11413-3624),,,,,,,
b98c1470-2547-424b-b643-33aeb83656a6,28.3822,±0.0062,Ophiuchus,16h 57m 05.7s,−04° 20′ 56″,M3.5Ve,,12.25,,,114.9158,±0.0252,GJ 1207 (G 19-7),,,,,,,
348a5c89-877d-48d6-a111-8284b3311f73,28.459,±0.010,Phoenix,39h 54m 21.7s,−39° 36′ 09″,M4.5V,,14.403,,,114604.0,±0.0402,LP 991-84,,,,,,,
06e67c87-d424-41d0-80c4-02ecb3153d25,28.49,±0.11,Ursa Major,11h 18m 10.9s,+31° 31′ 45″,F8.5:V,,4.41,#,,114.4867,±0.4316,Xi Ursae Majoris,Aa (Alula Australis),,,,$,,
f7451b7a-2ab7-45e3-9b87-170b63d9a0ad,,,,,,M,,,,,,,,Ab,,,,,,
b7b2fa56-5584-4b9a-a0d3-33dd447f9e4f,,,,,,G2V,,4.87,#,,,,,Ba,,,,$,,
84091aa0-d6e6-4c59-b043-e0c8ab3baf87,,,,,,M,,,,,,,,Bb,,,,,,
f411416d-5961-4f89-a386-40506f24fe1b,,,,,,T8.5,,,,,,,,WISE J1118+3125,,§,,,,
7d598a7f-38f0-4c6f-875b-02d8097d87f1,28.492,±0.034,Pisces,00h 36m 16.17s,18° +21′ 10.4″,L3.5,,,,,114.4735,±0.1381,2MASS 0036+1821 (LSPM J0036+1821),,,§,,,,
21937d24-aefb-4928-b1a6-df407df90f46,28.5373,±0.0055,Monoceros,06h 52m 18.1s,−05° 10′ 25″,K3V,,6.58,,,114.2911,±0.0219,Gliese 250 (HD 50281),A,,,,$,,
a8ea4ecf-8a17-44a3-8ab4-615460b88f39,,,,,,M2.5V,,,,,,,,Ba,,,,,,
c2ae17fc-54cb-4f54-8cee-67703412cf8d,,,,,,,,,,,,,,Bb,,,,,,
9e336d75-7c37-44d5-9df4-6be15fe60a16,28.5888,±0.0048,Ursa Major,11h 51m 07.3s,+35° 16′ 19″,M1.5V,,,,,114.0854,±0.0191,Gliese 450 (MCC 135),,,,,,,
430c09c5-de86-4cd4-bf89-3643ab990628,28.64,±0.99,Aquila,19h 36m 56.1s,+04° 08′ 01″,Y0,,,,,113.9,±3.8,WISENF 1936+0408,,,§,,,spectral type is uncertain,
efeb9d85-8582-4aeb-830f-551364b93f9e,28.673,±0.018,Ara,17h 19m 03.8s,−46° 38′ 10″,G8V,,5.55,#,,113.7513,±0.0725,41 G. Arae,Aa,,,,$,,
fab6b69f-0fab-436e-b238-af44cb50b78c,,,,,,,,,,,,,,Bb,,,,,,
538ee18f-e29e-4a9c-bf41-8a179e6424ca,,,,,,M0V,,,,,,,,B,,,,,,
7e248743-3ade-4def-8072-13697c3c79ee,,,,,,?,,,,,,,,?,,,,,,
965b021d-61aa-4606-b1cc-5dc24509da05,28.739,±0.013,Capricornus,20h 15m 17.4s,−27° 01′ 59″,K2+V,,5.73,#,,113.4872,±0.0516,"HR 7722 (5 G. Capricorni, HD 192310, Gliese 785)",,,,,$,has 2 known planets,
65ec4521-4c09-485d-9c19-554dc15c7e06,28.7503,±0.0076,Aquarius,22h 09m 40.3s,–04° 38′ 27″,M3.5V,,,,,113.4447,±0.0300,Gliese 849,,,,,,has 2 known planets,
5cf4a3fc-d687-4ef1-ae84-5e413865488a,28.762,±0.051,Delphinus,20h 29m 48.3s,+09° 41′ 20″,M4.5V,,,,,113.4,±0.2,HU Delphini (Gliese 791.2),A,,,,,,
d127418b-1071-4955-a115-629dc28e24fe,,,,,,M,,,,,,,,B,,,,,,
37063604-b6b4-4448-97b8-dffa52d79ccb,28.8066,±0.0049,Sagitta*,19h 07m 05.6s,+20° 53′ 17″,M2.0V,,,,,113.2228,±0.0192,Gliese 745,A (Ross 730),,,,,,
23653899-8626-47d5-8069-f15441a55b52,,,,,,M2V,,,,,,,,B (HD 349726),,,,,,
b8d77747-e840-4345-ac09-fa7ce2c1372c,28.8301,±0.0043,Mensa*,06h 33m 47.0s,−75° 37′ 46″,M2V,,10.484,,,113.1304,±0.0169,IRAS 06355-7535 (LDS 169),A (L 32-9),,,,,,
7f9304fc-d390-44c6-92fa-ca6be55aa87e,,,,,,M3V,,11.419,,,,,,B (L 32-8),,,,,,
5c9bbf39-9038-41b9-9fea-52bdfad78c40,28.8451,±0.0057,Eridanus,05h 00m 49.0s,−05° 45′ 13″,K3V,,6.22,#,,113.0715,±0.0222,"HR 1614 (284 G. Eridani, HD 32147, Gliese 183)",,,,,$,,
b9aaf780-403c-4909-891f-da6d0f3d3367,28.8653,±0.0066,Lynx*,07h 58m 12.7s,+41° 18′ 13″,M3.5Ve,,,,,112.9927,±0.0259,GJ 1105 (G 111-47),,,,,,,
a3074dd7-ce1c-481f-93cf-59608cfad066,28.8668,±0.0099,Aquarius,22h 38m 45.6s,−20° 37′ 16″,M0Vep,,,,,112.9867,±0.0387,Gliese 867,A (FK Aquarii),,,,,,
03bf6267-5639-4ccd-8bcc-12415fb2cb3b,,,,,,M3.5V,,,,,,,,B (FL Aquarii),,,,,,
b87fcfd9-39a3-4a47-9133-12914fd36b26,,,,,,,,,,,,,,C,,,,,,
db187f43-c0e6-4a23-b5b6-f38a81803833,,,,,,,,,,,,,,D,,,,,,
53e9c7c3-6e5c-4fe7-ba74-979b25145233,28.9469,±0.0062,Corvus*,12h 24m 52.5s,−18° 14′ 32″,M2,,11.272,,,112.674,±0.0241,Ross 695 (Gliese 465),,,,,,,
8928e1f6-d4e7-4d8d-a4c6-8847cc484bd5,28.951,±0.024,Mensa,06h 30m 46.6s,−76° 43′ 09″,M6.0,,,,,112.6584,±0.0934,SCR J0630-7643,A,,,,,,
9379c001-df56-4e81-8414-bd46dc98e5eb,,,,,,M,,,,,,,,B,,,,,,
f88532a7-a6b8-45d2-b2c7-f986a5ac4a9a,28.963,±0.014,Horologium,03h 34m 12.2s,−49° 53′ 32″,M9V,,,,,112.61,±0.0557,DENIS 0334-49 (LEHPM 3396),,,,,,,
58e0109a-3ce0-499f-bb27-abbe4911f4d7,28.99,±0.23,Gemini,07h 27m 18.2s,+17° 10′ 01″,T7,,,,,112.5,±0.9,2MASS 0727+1710,,,§,,,,
31ffa385-118b-4dbe-acaf-14f673182df2,29.0004,±0.0058,Lepus,05h 44m 27.8s,−22° 26′ 54″,F6V,,3.59,#,,112.4661,±0.0225,Gamma Leporis,A,,,,$,,
55419c5a-acd1-497d-a3b1-cbce3f934e56,,,,,,K2V,,6.17,#,,,,,B (AK Leporis),,,,$,,
c9fa7b08-f9cf-4124-9ffe-ef21b346b9a0,,,,,,M3.5V,,,,,,,,C,,,,,,
3a873c73-c9bb-4cc4-af19-1fd152b6513e,29.03,+2.28−1.95,Serpens,18h 10m 06.18s,−10° 10′ 00.5″,esdT8-esdT9,,,,,112.5,+8.1−8.0,WISE1810,,,§,,,closest extreme metal-poor brown dwarf,
5c83d4a3-4919-4a99-877e-c4b4cf43db5d,29.155,±0.0059,Hydra,08h 16m 08.0s,+01° 18′ 09″,M2.0V,,10.091,,,111.8698,±0.0228,GJ 2066 (G 113-20),,,,,,,
8598d0ab-e772-46b2-83a7-f281a683f6b7,29.43,±0.19,Lynx,07h 03m 55.7s,+52° 42′ 07″,M5.0Ve,,,,,110.8263,±0.6945,"LHS 224 (G 193-27, GJ 3421)",A,,,,,,
168807e8-9f83-4d7b-ab4b-15c17ab0c97e,,,,,,M,,,,,,,,B,,,,,,
8a1dad73-b787-47e5-935d-cc74db9dbe33,29.588,±0.0045,Ursa Major,11h 20m 04.8s,+65° 50′ 47″,M2V,,,,,110.2305,±0.0166,SZ Ursae Majoris,A,,,,,,
c418aee1-84bf-4cf5-b9e9-86b9c48a7371,,,,,,,,,,,,,,B,,,,,,
07df9e18-0f56-4aae-8758-8681022e4dab,29.6045,±0.0055,Hydra,11h 35m 26.9s,−32° 32′ 24″,M2V,,,,,110.1711,±0.0204,Gliese 433,,,,,,has 2 known planets,
e734eaaa-7e09-4192-997c-a43d2b55cba7,29.644,±0.052,Eridanus,03h 43m 14.9s,–09° 45′ 48″,KIV,,3.52,#,,110.0254,±0.1944,Delta Eridani («Rana»),,,,,$,,
6eee9c5f-d8c6-4e34-962a-a7de1e315c33,29.65,±0.23,Canes Venatici,13h 19m 45.5s,+47° 46′ 41″,M2V,,8.54,,,109.9837,±0.8292,Gliese 508 (HD 115953),Aa,,,,,,
d73861f1-973d-420d-81e2-b54789f0dbd9,,,,,,,,,,,,,,Ab,,,,,,
43219f0b-f69f-4925-bc0d-ad80c0b2bfe3,,,,,,,,,,,,,,B,,,,,,
587233f4-1228-468e-9e45-951fb14d5338,29.664,±0.019,Aries,02h 16m 30.0s,+13° 35′ 13″,M5.0Ve,,,,,109.95,±0.0704,GJ 3146 (LP 469-206),,,,,,,
5647116d-669a-44c4-8bc1-62a499b4f49b,29.6701,±0.0055,Cetus,00h 41m 26.0s,−22° 21′ 02″,DQ9,,,,,109.9276,±0.0202,"LHS 1126 (GJ 2012, EGGR 246)",,,,‡,,,
a96c190d-c791-4849-858c-f1abed52a9b6,29.6898,±0.0070,Pegasus,22h 01m 13.1s,+28° 18′ 25″,M3.5Ve,,,,,109.8548,±0.0259,V374 Pegasi,,,,,,,
3451f78c-49a5-4573-9ef9-80ac38fc68bc,29.714,±0.076,Auriga,06h 52m 30.7s,+47° 10′ 35″,L4.5,,,,,109.7651,±0.2782,2MASSI J0652307+471034,,,§,,,,
52012abb-2561-49ef-9690-33054ad664f6,29.723,±0.063,Centaurus,14h 11m 59.9s,−41° 32′ 22″,M5.5e,,,,,109.7323,±0.2316,WT 460,A,,,,,,
59e79a3f-d9da-4d53-9836-d594732a71cd,,,,,,,,,,,,,,B,,,,,,
53ac4793-4a28-4318-b7a3-98a4f85fbfce,29.8285,±0.0049,Puppis,07h 40m 20.8s,−17° 24′ 49″,DAZ6,,13.061,,,109.344,±0.0181,Gliese 283 (L 745-46),"A (LP 783-3, LAWD 25)",,,‡,,,
af55a147-5567-4935-ab6e-4e5c9e046d33,,,,,,M6.5V,,16.696,,,,,,B (LP 783-2),,,,,,
24b6474b-381d-4aa3-86f5-929dd6472434,29.84,±0.58,Canis Major,07h 13m 22.6s,−29° 17′ 52″,Y0,,,,,109.3,±2.1,WISE 0713−2917,,,§,,,,
6f248131-8abb-48b8-9aa0-78e08fab3717,29.88,±0.13,Taurus,03h 55m 23.4s,+11° 33′ 44″,L5γ,,,,,109.1381,±0.4833,2MASS J03552337+1133437,,,§,,,,
2fec073b-ed58-4107-ac72-72781e298fe2,29.9,±1.05,Indus,21h 34m 56.7s,−71° 37′ 45″,T9pec,,,,,109.1,±3.7,WISEP J213456.73-713743.6,,,§,,,,
a3c6a900-a3f9-4d76-8df1-3211170fe591,29.9145,±0.0054,Ursa Major,11h 52m 58.8s,+37° 43′ 07″,G8VIp,,6.42,#,,109.0296,±0.0197,"Groombridge 1830 (CF Ursae Majoris, HD 103095)",,,,,$,,
884e2808-3738-49ad-ad6d-e16e6d41a134,29.98,±0.012,Canes Venatici,13h 42m 43.3s,+33° 17′ 24″,M4V,,13.896,,,108.7903,±0.0440,GJ 3801 (Ross 1015),,,,,,,
077728ae-404c-49f7-ad00-df30947b13f6,29.998,±0.045,Coma Berenices*,13h 11m 52.4s,+27° 52′ 41″,G0V,,4.23,#,,108.725,±0.1645,Beta Comae Berenices,,,,,$,,
